	orf1	orf2	orf_pair	delta_prime_median	sd_delta_prime_median	prob_interaction_median	correlation	name1	name2
0	RVBD0050	RVBD0050	RVBD0050_RVBD0050	0.1529351598338251	0.0507285781408848	0.002240229965231	1.0	ponA1	ponA1
1	RVBD0050	RVBD0392c	RVBD0050_RVBD0392c	-0.3363529490346602	0.0419138879917099	0.002325279101984	0.1514858744227082	ponA1	ndhA
2	RVBD0050	RVBD1025	RVBD0050_RVBD1025	0.1793976297931647	0.0608570759712741	0.0022641936058481	0.1939002448811705	ponA1	rv1025
3	RVBD0050	RVBD1304	RVBD0050_RVBD1304	0.0080876462031223	0.0444646089767654	0.0021626728671566	0.2066161047950365	ponA1	atpB
4	RVBD0050	RVBD1822	RVBD0050_RVBD1822	0.1450576554961704	0.0587606368661267	0.0022337055373732	0.2068672640031327	ponA1	pgsA2
5	RVBD0050	RVBD1854c	RVBD0050_RVBD1854c	0.2907917313184349	0.0972292866708598	0.0024018602931483	0.1825898696669964	ponA1	ndh
6	RVBD0050	RVBD2193	RVBD0050_RVBD2193	0.1811921314205036	0.0518741107818449	0.0022659344545206	0.2905023664590943	ponA1	ctaE
7	RVBD0050	RVBD2200c	RVBD0050_RVBD2200c	-0.3988846781024881	0.060004846701838	0.0024123341132516	0.224719381245106	ponA1	ctaC
8	RVBD0050	RVBD2447c	RVBD0050_RVBD2447c	0.2166822201363213	0.0690739884112405	0.0023034631741884	0.1401978501762939	ponA1	folC
9	RVBD0050	RVBD2754c	RVBD0050_RVBD2754c	-0.6297330880826457	0.0568550415189723	0.0029417851197472	0.332648125226088	ponA1	thyX
10	RVBD0050	RVBD2764c	RVBD0050_RVBD2764c	-1.5477358552248668	0.1127228286996096	0.017049289232755	0.4282125607437191	ponA1	thyA
11	RVBD0050	RVBD2794c	RVBD0050_RVBD2794c	-0.06343750033058	0.0525172371871207	0.0021560930403355	0.229100698491343	ponA1	pptT
12	RVBD0050	RVBD3261	RVBD0050_RVBD3261	0.0451755523881223	0.0546054918702654	0.0021741991643085	0.1159869515442129	ponA1	fbiA
13	RVBD0050	RVBD3682	RVBD0050_RVBD3682	-13.93594090420845	0.8584658445014377	1.0	0.1067950539251146	ponA1	ponA2
14	RVBD0050	RVBD3795	RVBD0050_RVBD3795	-0.8391352658861093	0.1399842728401082	0.0038353796272197	0.3927205587303886	ponA1	embB
15	RVBD0392c	RVBD0392c	RVBD0392c_RVBD0392c	-1.8078800680937888	0.0683072476539556	0.0366982697346167	1.0	ndhA	ndhA
16	RVBD0392c	RVBD1025	RVBD0392c_RVBD1025	-0.4741033245372277	0.052989347667254	0.0025457045935974	0.1518808625785846	ndhA	rv1025
17	RVBD0392c	RVBD1304	RVBD0392c_RVBD1304	-1.559237858741708	0.0519106103773955	0.0175961863653279	0.3871577632187646	ndhA	atpB
18	RVBD0392c	RVBD1822	RVBD0392c_RVBD1822	-0.1692541387478261	0.0510739518639611	0.0021840749183285	0.0777999963023428	ndhA	pgsA2
19	RVBD0392c	RVBD1854c	RVBD0392c_RVBD1854c	-9.666745118919916	0.4961504515375595	1.0	0.3571975921028348	ndhA	ndh
20	RVBD0392c	RVBD2193	RVBD0392c_RVBD2193	-1.4482481146458013	0.0570542325449713	0.0130981300382096	0.304307006075752	ndhA	ctaE
21	RVBD0392c	RVBD2200c	RVBD0392c_RVBD2200c	-1.78859039551133	0.0750424713834267	0.0345463200410576	0.3304113036369607	ndhA	ctaC
22	RVBD0392c	RVBD2447c	RVBD0392c_RVBD2447c	-0.5332122823384413	0.0669923330604883	0.002675267539535	0.3877239081621073	ndhA	folC
23	RVBD0392c	RVBD2754c	RVBD0392c_RVBD2754c	-1.1292273351956332	0.046907793297437	0.0063289509500861	0.5598162932589372	ndhA	thyX
24	RVBD0392c	RVBD2764c	RVBD0392c_RVBD2764c	-0.9571939909853484	0.0857332672882898	0.0046157122172026	0.3611650061852537	ndhA	thyA
25	RVBD0392c	RVBD2794c	RVBD0392c_RVBD2794c	-0.3544346008045476	0.0454893105134451	0.0023483739510764	0.4321459486322739	ndhA	pptT
26	RVBD0392c	RVBD3261	RVBD0392c_RVBD3261	-0.8007320233057503	0.0591374210857945	0.0036311887096236	0.4129726991441692	ndhA	fbiA
27	RVBD0392c	RVBD3682	RVBD0392c_RVBD3682	-0.1562617936082904	0.0447000085303952	0.0021781823627478	0.1459584749298039	ndhA	ponA2
28	RVBD0392c	RVBD3795	RVBD0392c_RVBD3795	-1.269970818646514	0.109217509157516	0.0085291892501878	0.2935996101845965	ndhA	embB
29	RVBD1025	RVBD1025	RVBD1025_RVBD1025	-3.1484082032509964	0.1272707379995331	0.9415853106583087	1.0	rv1025	rv1025
30	RVBD1025	RVBD1304	RVBD1025_RVBD1304	0.0636504500491121	0.0482733543417373	0.0021820401099949	0.2399891795821115	rv1025	atpB
31	RVBD1025	RVBD1822	RVBD1025_RVBD1822	-0.1951905799150637	0.0600360898286286	0.0021979425042855	0.4074378460485984	rv1025	pgsA2
32	RVBD1025	RVBD1854c	RVBD1025_RVBD1854c	0.5503701955330358	0.0829933444572185	0.0030131649676148	0.225428554490002	rv1025	ndh
33	RVBD1025	RVBD2193	RVBD1025_RVBD2193	0.4291656178812477	0.0685005281386294	0.0026686920001148	0.3119360324877401	rv1025	ctaE
34	RVBD1025	RVBD2200c	RVBD1025_RVBD2200c	-0.0546223674589119	0.0720603189009113	0.002155797610815	0.214045584234131	rv1025	ctaC
35	RVBD1025	RVBD2447c	RVBD1025_RVBD2447c	-0.4369787559947877	0.0965701782056622	0.0024757359978984	0.2707860084258918	rv1025	folC
36	RVBD1025	RVBD2754c	RVBD1025_RVBD2754c	-0.1573056948217664	0.0629007870781778	0.0021786300322948	0.3465673786942359	rv1025	thyX
37	RVBD1025	RVBD2764c	RVBD1025_RVBD2764c	-0.2599843346658356	0.0943310478308155	0.0022451771869217	0.2743369938916946	rv1025	thyA
38	RVBD1025	RVBD2794c	RVBD1025_RVBD2794c	-0.122245210507131	0.0612020048341187	0.0021660395692268	0.3420273647552987	rv1025	pptT
39	RVBD1025	RVBD3261	RVBD1025_RVBD3261	-0.0647831639991161	0.0649256123713025	0.0021561656435838	0.0830495406485371	rv1025	fbiA
40	RVBD1025	RVBD3682	RVBD1025_RVBD3682	-0.5479882162001826	0.0592145291458824	0.0027114122294906	-0.0710610625232845	rv1025	ponA2
41	RVBD1025	RVBD3795	RVBD1025_RVBD3795	-0.4350714345558284	0.1348279613071054	0.0024723642688226	0.2129331831565635	rv1025	embB
42	RVBD1304	RVBD1304	RVBD1304_RVBD1304	-3.387383646934774	0.0891225835171257	0.9853535565232924	1.0	atpB	atpB
43	RVBD1304	RVBD1822	RVBD1304_RVBD1822	-0.0357410379239685	0.0627498053253021	0.0021562099447992	0.2895797800164085	atpB	pgsA2
44	RVBD1304	RVBD1854c	RVBD1304_RVBD1854c	-0.3915425977899898	0.0735732242960648	0.0024010442816091	0.3346869791223662	atpB	ndh
45	RVBD1304	RVBD2193	RVBD1304_RVBD2193	-0.3552014223216997	0.0475688700584602	0.0023493898410365	0.4796699680417374	atpB	ctaE
46	RVBD1304	RVBD2200c	RVBD1304_RVBD2200c	-0.6510550022577837	0.0552611289979785	0.0030111437907807	0.4277811241951643	atpB	ctaC
47	RVBD1304	RVBD2447c	RVBD1304_RVBD2447c	-0.01994134099582	0.0556578363230419	0.0021576512137716	0.3873904994773298	atpB	folC
48	RVBD1304	RVBD2754c	RVBD1304_RVBD2754c	-0.3075418415279184	0.0577817664837639	0.0022918163160563	0.3996183574118268	atpB	thyX
49	RVBD1304	RVBD2764c	RVBD1304_RVBD2764c	-1.066197342061716	0.0816899093059481	0.0056023915768887	0.3360465611938887	atpB	thyA
50	RVBD1304	RVBD2794c	RVBD1304_RVBD2794c	0.0815675350179553	0.0395438123419865	0.002190995407851	0.3189084934071796	atpB	pptT
51	RVBD1304	RVBD3261	RVBD1304_RVBD3261	-0.2569545500061054	0.0544032793750347	0.0022425569605485	0.2470319342487549	atpB	fbiA
52	RVBD1304	RVBD3682	RVBD1304_RVBD3682	-0.063582703200234	0.0435935757736792	0.0021561005062208	0.0019281297631773	atpB	ponA2
53	RVBD1304	RVBD3795	RVBD1304_RVBD3795	0.5227281441311362	0.0589678656940643	0.0029238784399305	0.1477296305218491	atpB	embB
54	RVBD1822	RVBD1822	RVBD1822_RVBD1822	-6.439584898664791	1.0540110627943735	0.9999999999999843	1.0	pgsA2	pgsA2
55	RVBD1822	RVBD1854c	RVBD1822_RVBD1854c	0.5163853167162009	0.0919626130769537	0.0029043456088076	0.2377062766997834	pgsA2	ndh
56	RVBD1822	RVBD2193	RVBD1822_RVBD2193	0.5531132907542144	0.062372342636097	0.0030224058759781	0.3601610031788249	pgsA2	ctaE
57	RVBD1822	RVBD2200c	RVBD1822_RVBD2200c	0.145783445173406	0.095197230456555	0.0022342950850458	0.2882829613045123	pgsA2	ctaC
58	RVBD1822	RVBD2447c	RVBD1822_RVBD2447c	-0.0410340750453728	0.0919371025348609	0.0021559503819934	0.293032736033941	pgsA2	folC
59	RVBD1822	RVBD2754c	RVBD1822_RVBD2754c	-0.1446956661930334	0.0475228312311463	0.0021735225169764	0.3170528054248844	pgsA2	thyX
60	RVBD1822	RVBD2764c	RVBD1822_RVBD2764c	-0.1704935390292408	0.1394565252624582	0.0021846735601834	0.1999149231382996	pgsA2	thyA
61	RVBD1822	RVBD2794c	RVBD1822_RVBD2794c	-0.0738754371837781	0.0945950270949236	0.0021568451260906	0.3024721405676465	pgsA2	pptT
62	RVBD1822	RVBD3261	RVBD1822_RVBD3261	0.399952199354938	0.0541053388967563	0.0026022968144747	0.050601750152845	pgsA2	fbiA
63	RVBD1822	RVBD3682	RVBD1822_RVBD3682	-0.1247179938283622	0.0566160709498699	0.0021667630772633	0.0443504599688905	pgsA2	ponA2
64	RVBD1822	RVBD3795	RVBD1822_RVBD3795	-0.4868665781555559	0.1777660425057975	0.0025717298000364	0.3036519297811274	pgsA2	embB
65	RVBD1854c	RVBD1854c	RVBD1854c_RVBD1854c	1.50653542431056	0.1238991661740172	0.020155959610418	1.0	ndh	ndh
66	RVBD1854c	RVBD2193	RVBD1854c_RVBD2193	0.6757893125886938	0.0732337926085479	0.0035156179302375	0.5399773848527907	ndh	ctaE
67	RVBD1854c	RVBD2200c	RVBD1854c_RVBD2200c	0.666390828679725	0.0977934804894841	0.0034717235958507	0.5130206995528486	ndh	ctaC
68	RVBD1854c	RVBD2447c	RVBD1854c_RVBD2447c	-0.6733822764986197	0.1473743469185713	0.0030883078702357	0.4166591174181994	ndh	folC
69	RVBD1854c	RVBD2754c	RVBD1854c_RVBD2754c	-0.0405755380289704	0.0883567128988413	0.0021559685453349	0.3293547949516143	ndh	thyX
70	RVBD1854c	RVBD2764c	RVBD1854c_RVBD2764c	-0.65259022437133	0.1805250853335044	0.0030162982415659	0.3481659495655373	ndh	thyA
71	RVBD1854c	RVBD2794c	RVBD1854c_RVBD2794c	-0.2942481697656333	0.0891188101469647	0.0022777207889911	0.2940271782512216	ndh	pptT
72	RVBD1854c	RVBD3261	RVBD1854c_RVBD3261	-0.6699495015887815	1.289069594796637	0.0030761321063269	0.2571459824747273	ndh	fbiA
73	RVBD1854c	RVBD3682	RVBD1854c_RVBD3682	-0.3458010827338602	0.1181075617690491	0.0023371416324559	0.0090023227293243	ndh	ponA2
74	RVBD1854c	RVBD3795	RVBD1854c_RVBD3795	-0.2475879795778253	0.1829490583312473	0.0022347160529873	0.3646606566360332	ndh	embB
75	RVBD2193	RVBD2193	RVBD2193_RVBD2193	-1.951183972764624	0.1114877217218143	0.0583881797782767	1.0	ctaE	ctaE
76	RVBD2193	RVBD2200c	RVBD2193_RVBD2200c	2.3804404152116856	0.0529876293576275	0.3441636908973265	0.5692549722531912	ctaE	ctaC
77	RVBD2193	RVBD2447c	RVBD2193_RVBD2447c	-0.1889975194753947	0.0761161263044387	0.0021943743476774	0.369714300814711	ctaE	folC
78	RVBD2193	RVBD2754c	RVBD2193_RVBD2754c	-0.6030178219582147	0.0680967745200652	0.0028605266016507	0.3509355460202583	ctaE	thyX
79	RVBD2193	RVBD2764c	RVBD2193_RVBD2764c	0.0974574378067312	0.083115416833854	0.0022000638356196	0.3754351866588634	ctaE	thyA
80	RVBD2193	RVBD2794c	RVBD2193_RVBD2794c	0.1576763706036683	0.0481700794526892	0.0022442903929452	0.3383513960843415	ctaE	pptT
81	RVBD2193	RVBD3261	RVBD2193_RVBD3261	-0.3339758858140322	0.0692911040507308	0.0023223645499085	0.2187752378387321	ctaE	fbiA
82	RVBD2193	RVBD3682	RVBD2193_RVBD3682	-0.1612018232448257	0.0522156226765617	0.0021803405689074	-0.0396929355192099	ctaE	ponA2
83	RVBD2193	RVBD3795	RVBD2193_RVBD3795	0.1320290372958599	0.117599220336877	0.0022235179362863	0.3562654456636985	ctaE	embB
84	RVBD2200c	RVBD2200c	RVBD2200c_RVBD2200c	-1.094821535260007	0.1352177263466315	0.0059160706035583	1.0	ctaC	ctaC
85	RVBD2200c	RVBD2447c	RVBD2200c_RVBD2447c	0.0463950062362572	0.0816500963861145	0.0021746734128721	0.3000219889432168	ctaC	folC
86	RVBD2200c	RVBD2754c	RVBD2200c_RVBD2754c	-0.7914771597280845	0.1343531084503279	0.003585085923664	0.3501098504957312	ctaC	thyX
87	RVBD2200c	RVBD2764c	RVBD2200c_RVBD2764c	0.1808298165468347	0.1037523040777918	0.0022655817609109	0.3919302713662217	ctaC	thyA
88	RVBD2200c	RVBD2794c	RVBD2200c_RVBD2794c	-0.0216891332234357	0.0685920373947591	0.0021574426405262	0.295350431153394	ctaC	pptT
89	RVBD2200c	RVBD3261	RVBD2200c_RVBD3261	-0.5647070173438444	0.2848157594862358	0.0027542409285552	0.2695014023575952	ctaC	fbiA
90	RVBD2200c	RVBD3682	RVBD2200c_RVBD3682	-0.4078972361763342	0.0575687387587991	0.0024265966072704	0.2047670301402521	ctaC	ponA2
91	RVBD2200c	RVBD3795	RVBD2200c_RVBD3795	0.4650508821564241	0.1255329634493579	0.0027585330989695	0.388466549053247	ctaC	embB
92	RVBD2447c	RVBD2447c	RVBD2447c_RVBD2447c	-2.3025925186519447	0.3753699978800539	0.1939795849776681	1.0	folC	folC
93	RVBD2447c	RVBD2754c	RVBD2447c_RVBD2754c	-0.6731961325074725	0.0759632869416325	0.0030876447875159	0.4980084346872497	folC	thyX
94	RVBD2447c	RVBD2764c	RVBD2447c_RVBD2764c	-0.1357379774109155	0.1076821759717901	0.002170290428536	0.4003085678120864	folC	thyA
95	RVBD2447c	RVBD2794c	RVBD2447c_RVBD2794c	-0.387949409252493	0.0667750795590105	0.0023956255937484	0.368678840902764	folC	pptT
96	RVBD2447c	RVBD3261	RVBD2447c_RVBD3261	-0.4943637361304742	0.1037781586262839	0.0025875049301849	0.2345619020981629	folC	fbiA
97	RVBD2447c	RVBD3682	RVBD2447c_RVBD3682	-0.3359313751253838	0.0670087307015972	0.0023247602217268	0.0775146535852195	folC	ponA2
98	RVBD2447c	RVBD3795	RVBD2447c_RVBD3795	0.567198902883927	0.1139026662001523	0.0030709782602314	0.3816078435087677	folC	embB
99	RVBD2754c	RVBD2754c	RVBD2754c_RVBD2754c	-0.7199527383218552	0.0703346897289279	0.0032653508126794	1.0	thyX	thyX
100	RVBD2754c	RVBD2764c	RVBD2754c_RVBD2764c	-3.588942452741475	0.1102459028141645	0.9959153228118202	0.4979683248606516	thyX	thyA
101	RVBD2754c	RVBD2794c	RVBD2754c_RVBD2794c	-0.5086957901267986	0.0601460234442354	0.0026186898683192	0.5493558098697983	thyX	pptT
102	RVBD2754c	RVBD3261	RVBD2754c_RVBD3261	0.1720169793769483	0.0537426570663437	0.0022571896635262	0.2616578894066415	thyX	fbiA
103	RVBD2754c	RVBD3682	RVBD2754c_RVBD3682	-0.4078509944237161	0.0464527117026254	0.00242652235928	0.1955851007790315	thyX	ponA2
104	RVBD2754c	RVBD3795	RVBD2754c_RVBD3795	-0.3014613321424169	0.0845312826568023	0.0022852654868429	0.4066530009308713	thyX	embB
105	RVBD2764c	RVBD2764c	RVBD2764c_RVBD2764c	-1.826837706052192	0.1628465895864418	0.0389636995939115	1.0	thyA	thyA
106	RVBD2764c	RVBD2794c	RVBD2764c_RVBD2794c	-0.4539250917732889	0.0782104789388419	0.0025066387123266	0.3030508526103259	thyA	pptT
107	RVBD2764c	RVBD3261	RVBD2764c_RVBD3261	0.2086821640837512	0.0842519570907356	0.002294481972454	0.1936221596883862	thyA	fbiA
108	RVBD2764c	RVBD3682	RVBD2764c_RVBD3682	-0.9485459584066064	0.102145236770116	0.0045495566598992	0.2425795052747293	thyA	ponA2
109	RVBD2764c	RVBD3795	RVBD2764c_RVBD3795	0.4748889547769126	0.1121147824177366	0.0027848466744055	0.3787312217115596	thyA	embB
110	RVBD2794c	RVBD2794c	RVBD2794c_RVBD2794c	-3.596647891456404	0.7975012943489536	0.9961165577442962	1.0	pptT	pptT
111	RVBD2794c	RVBD3261	RVBD2794c_RVBD3261	-0.1345306270754854	0.0514880753431227	0.0021698798253017	0.1635653834206215	pptT	fbiA
112	RVBD2794c	RVBD3682	RVBD2794c_RVBD3682	-0.3348481418692917	0.0422126769414091	0.0023234307689702	0.102578143808851	pptT	ponA2
113	RVBD2794c	RVBD3795	RVBD2794c_RVBD3795	-0.7722740682486666	0.1013009831030326	0.0034930475108439	0.2822506616104971	pptT	embB
114	RVBD3261	RVBD3261	RVBD3261_RVBD3261	-0.5748442158485719	0.0959072097881493	0.0027812390117596	1.0	fbiA	fbiA
115	RVBD3261	RVBD3682	RVBD3261_RVBD3682	-0.1487878732785298	0.0440433176922947	0.0021751084585364	0.2196726363994977	fbiA	ponA2
116	RVBD3261	RVBD3795	RVBD3261_RVBD3795	-0.1453450714153672	0.1493899714488253	0.0021737696740492	0.1041539578831229	fbiA	embB
117	RVBD3682	RVBD3682	RVBD3682_RVBD3682	0.7069121299319555	0.0612592536067574	0.003669241888324	1.0	ponA2	ponA2
118	RVBD3682	RVBD3795	RVBD3682_RVBD3795	-0.2606641604566219	0.1069741959333952	0.0022457707853531	0.1185648187126979	ponA2	embB
119	RVBD3795	RVBD3795	RVBD3795_RVBD3795	-0.3715191181533697	0.4256771510433028	0.0023717262113574	1.0	embB	embB
