orf1	orf2	name1	name2	gi_score_exp1	se_exp1	gi_score_overlaps_zero_exp1	gi_score_exp2	se_exp2	gi_score_overlaps_zero_exp2	correlation_exp1	correlation_exp2	prob_interaction_median_exp1	prob_interaction_median_exp2	prob_interaction	prob_aggravating	prob_alleviating	prob_discordant	prob_no_interaction	prob_concordant
RVBD1304	RVBD1304	atpB	atpB	-3.39	0.09	False	-8.08	0.46	False	1.0	1.0	0.98535	1.0	1.0	1.0	0.0	0.0	0.0	1.0
RVBD0050	RVBD3682	ponA1	ponA2	-13.94	0.86	False	-17.65	0.97	False	0.107	0.222	1.0	1.0	1.0	1.0	0.0	0.0	0.0	1.0
RVBD0392c	RVBD1854c	ndhA	ndh	-9.67	0.5	False	-12.3	0.84	False	0.357	0.215	1.0	1.0	1.0	1.0	0.0	0.0	0.0	1.0
RVBD2754c	RVBD2764c	thyX	thyA	-3.59	0.11	False	-6.45	0.17	False	0.498	0.404	0.99592	0.99859	0.9999	0.9999	0.0	0.0	0.0001	0.9999
RVBD2794c	RVBD2794c	pptT	pptT	-3.6	0.8	False	-7.11	0.63	False	1.0	1.0	0.99612	0.99991	0.99985	0.99985	0.0	0.0	0.00015	0.99985
RVBD1822	RVBD1822	pgsA2	pgsA2	-6.44	1.05	False	-3.25	0.49	False	1.0	1.0	1.0	0.06079	0.99959	0.99959	0.0	0.0	0.00041	0.99959
RVBD1025	RVBD1025	rv1025	rv1025	-3.15	0.13	False	-2.57	0.3	False	1.0	1.0	0.94159	0.01981	0.9985	0.9985	0.0	0.0	0.0015	0.9985
RVBD0392c	RVBD0392c	ndhA	ndhA	-1.81	0.07	False	-5.31	0.13	False	1.0	1.0	0.0367	0.92638	0.97865	0.97865	0.0	0.0	0.02135	0.97865
RVBD2193	RVBD2193	ctaE	ctaE	-1.95	0.11	False	-0.02	0.19	True	1.0	1.0	0.05839	0.00302	0.96004	0.89053	0.0	0.06951	0.03996	0.89053
RVBD2193	RVBD2200c	ctaE	ctaC	2.38	0.05	False	3.96	0.09	False	0.569	0.679	0.34416	0.29885	0.87608	0.0	0.87608	0.0	0.12392	0.87608
RVBD1304	RVBD3795	atpB	embB	0.52	0.06	False	3.35	0.1	False	0.148	-0.05	0.00292	0.09639	0.86218	0.0	0.86218	0.0	0.13782	0.86218
RVBD0050	RVBD2764c	ponA1	thyA	-1.55	0.11	False	-4.43	0.14	False	0.428	0.365	0.01705	0.49655	0.62285	0.62285	0.0	0.0	0.37715	0.62285
RVBD2447c	RVBD2447c	folC	folC	-2.3	0.38	False	-2.82	0.19	False	1.0	1.0	0.19398	0.02897	0.12881	0.12881	0.0	0.0	0.87119	0.12881
RVBD2764c	RVBD2764c	thyA	thyA	-1.83	0.16	False	-1.27	0.12	False	1.0	1.0	0.03896	0.00467	0.11996	0.11996	0.0	0.0	0.88004	0.11996
RVBD1854c	RVBD1854c	ndh	ndh	1.51	0.12	False	1.93	0.26	False	1.0	1.0	0.02016	0.01022	0.09395	0.0	0.09395	0.0	0.90605	0.09395
RVBD0392c	RVBD2200c	ndhA	ctaC	-1.79	0.08	False	-1.64	0.1	False	0.33	0.161	0.03455	0.00633	0.07283	0.07283	0.0	0.0	0.92717	0.07283
RVBD2764c	RVBD3795	thyA	embB	0.47	0.11	False	2.17	0.1	False	0.379	0.257	0.00278	0.01389	0.07224	0.0	0.07224	0.0	0.92776	0.07224
RVBD0392c	RVBD2754c	ndhA	thyX	-1.13	0.05	False	-3.21	0.12	False	0.56	0.544	0.00633	0.05697	0.04804	0.04804	0.0	0.0	0.95196	0.04804
RVBD0050	RVBD2754c	ponA1	thyX	-0.63	0.06	False	-2.67	0.1	False	0.333	0.281	0.00294	0.02291	0.03189	0.03189	0.0	0.0	0.96811	0.03189
RVBD0392c	RVBD1304	ndhA	atpB	-1.56	0.05	False	-3.06	0.11	False	0.387	0.278	0.0176	0.04409	0.0309	0.0309	0.0	0.0	0.9691	0.0309
RVBD1822	RVBD1854c	pgsA2	ndh	0.52	0.09	False	1.78	0.19	False	0.238	0.332	0.0029	0.00853	0.02628	0.0	0.02628	0.0	0.97372	0.02628
RVBD0392c	RVBD3795	ndhA	embB	-1.27	0.11	False	-0.53	0.11	False	0.294	0.079	0.00853	0.00322	0.02578	0.02578	0.0	0.0	0.97422	0.02578
RVBD2200c	RVBD3795	ctaC	embB	0.47	0.13	False	1.62	0.12	False	0.388	0.166	0.00276	0.00721	0.02189	0.0	0.02189	0.0	0.97811	0.02189
RVBD2193	RVBD3795	ctaE	embB	0.13	0.12	True	1.35	0.12	False	0.356	0.105	0.00222	0.00558	0.02149	0.0	0.02144	5e-05	0.97851	0.02144
RVBD3682	RVBD3682	ponA2	ponA2	0.71	0.06	False	0.4	0.08	False	1.0	1.0	0.00367	0.00323	0.01691	0.0	0.01691	0.0	0.98309	0.01691
RVBD3795	RVBD3795	embB	embB	-0.37	0.43	True	-2.62	0.58	False	1.0	1.0	0.00237	0.02118	0.01688	0.01649	0.0	0.00039	0.98312	0.01649
RVBD2200c	RVBD2200c	ctaC	ctaC	-1.09	0.14	False	-0.03	0.17	True	1.0	1.0	0.00592	0.00302	0.01682	0.01571	0.0	0.0011	0.98318	0.01571
RVBD2200c	RVBD2764c	ctaC	thyA	0.18	0.1	True	1.23	0.1	False	0.392	0.253	0.00227	0.00505	0.01673	0.0	0.01672	1e-05	0.98327	0.01672
RVBD1854c	RVBD2200c	ndh	ctaC	0.67	0.1	False	0.95	0.19	False	0.513	0.49	0.00347	0.00414	0.01207	0.0	0.01207	0.0	0.98793	0.01207
RVBD1854c	RVBD2193	ndh	ctaE	0.68	0.07	False	1.06	0.14	False	0.54	0.57	0.00352	0.00447	0.01205	0.0	0.01205	0.0	0.98795	0.01205
RVBD2447c	RVBD3795	folC	embB	0.57	0.11	False	1.12	0.12	False	0.382	0.208	0.00307	0.00465	0.01142	0.0	0.01142	0.0	0.98858	0.01142
RVBD0392c	RVBD2193	ndhA	ctaE	-1.45	0.06	False	-2.15	0.12	False	0.304	0.165	0.0131	0.01111	0.01113	0.01113	0.0	0.0	0.98887	0.01113
RVBD1025	RVBD1854c	rv1025	ndh	0.55	0.08	False	1.08	0.13	False	0.225	0.031	0.00301	0.00454	0.01089	0.0	0.01089	0.0	0.98911	0.01089
RVBD1822	RVBD2200c	pgsA2	ctaC	0.15	0.1	True	0.85	0.22	False	0.288	0.331	0.00223	0.00392	0.01	0.0	0.00999	1e-05	0.99	0.00999
RVBD1822	RVBD2193	pgsA2	ctaE	0.55	0.06	False	0.76	0.14	False	0.36	0.384	0.00302	0.00373	0.00988	0.0	0.00988	0.0	0.99012	0.00988
RVBD1304	RVBD2794c	atpB	pptT	0.08	0.04	False	0.72	0.09	False	0.319	0.112	0.00219	0.00366	0.00937	0.0	0.00936	0.0	0.99063	0.00936
RVBD0050	RVBD1854c	ponA1	ndh	0.29	0.1	False	0.74	0.16	False	0.183	0.032	0.0024	0.00369	0.0086	0.0	0.0086	0.0	0.9914	0.0086
RVBD2764c	RVBD3261	thyA	fbiA	0.21	0.08	False	0.71	0.09	False	0.194	0.168	0.00229	0.00363	0.0084	0.0	0.0084	0.0	0.9916	0.0084
RVBD1822	RVBD3261	pgsA2	fbiA	0.4	0.05	False	0.61	0.13	False	0.051	0.087	0.0026	0.00349	0.00826	0.0	0.00826	0.0	0.99174	0.00826
RVBD2754c	RVBD3261	thyX	fbiA	0.17	0.05	False	0.62	0.09	False	0.262	0.242	0.00226	0.0035	0.00798	0.0	0.00798	0.0	0.99202	0.00798
RVBD0050	RVBD2447c	ponA1	folC	0.22	0.07	False	0.54	0.09	False	0.14	0.059	0.0023	0.00338	0.00752	0.0	0.00752	0.0	0.99248	0.00752
RVBD0050	RVBD1025	ponA1	rv1025	0.18	0.06	False	0.17	0.09	True	0.194	-0.031	0.00226	0.00307	0.00676	0.0	0.00676	0.0	0.99324	0.00676
RVBD2200c	RVBD2447c	ctaC	folC	0.05	0.08	True	0.65	0.1	False	0.3	0.182	0.00217	0.00354	0.00675	0.0	0.00671	4e-05	0.99325	0.00671
RVBD2193	RVBD2794c	ctaE	pptT	0.16	0.05	False	0.13	0.08	True	0.338	0.043	0.00224	0.00306	0.00654	0.0	0.00653	1e-05	0.99346	0.00653
RVBD2193	RVBD2764c	ctaE	thyA	0.1	0.08	True	0.38	0.1	False	0.375	0.257	0.0022	0.00321	0.00638	0.0	0.00637	1e-05	0.99362	0.00637
RVBD0050	RVBD0050	ponA1	ponA1	0.15	0.05	False	0.08	0.08	True	1.0	1.0	0.00224	0.00304	0.00583	0.0	0.00582	2e-05	0.99417	0.00582
RVBD1304	RVBD2764c	atpB	thyA	-1.07	0.08	False	-0.87	0.09	False	0.336	0.213	0.0056	0.00367	0.00556	0.00556	0.0	0.0	0.99444	0.00556
RVBD0050	RVBD3261	ponA1	fbiA	0.05	0.05	True	0.15	0.08	True	0.116	0.08	0.00217	0.00307	0.00518	1e-05	0.00515	2e-05	0.99482	0.00516
RVBD1822	RVBD2754c	pgsA2	thyX	-0.14	0.05	False	-1.47	0.15	False	0.317	0.246	0.00217	0.00547	0.00511	0.00511	0.0	0.0	0.99489	0.00511
RVBD1854c	RVBD3261	ndh	fbiA	-0.67	1.29	True	-1.26	0.22	False	0.257	0.195	0.00308	0.00464	0.00503	0.0048	0.0	0.00022	0.99497	0.0048
RVBD1822	RVBD2447c	pgsA2	folC	-0.04	0.09	True	0.85	0.12	False	0.293	0.358	0.00216	0.0039	0.00495	0.0	0.0048	0.00015	0.99505	0.0048
RVBD0392c	RVBD2764c	ndhA	thyA	-0.96	0.09	False	-0.65	0.07	False	0.361	0.275	0.00462	0.00334	0.0048	0.0048	0.0	0.0	0.9952	0.0048
RVBD1304	RVBD2447c	atpB	folC	-0.02	0.06	True	0.74	0.08	False	0.387	0.337	0.00216	0.0037	0.00437	0.0	0.00426	0.00012	0.99563	0.00426
RVBD2200c	RVBD2794c	ctaC	pptT	-0.02	0.07	True	0.68	0.1	False	0.295	0.082	0.00216	0.00358	0.00418	0.0	0.00407	0.00011	0.99582	0.00407
RVBD0050	RVBD3795	ponA1	embB	-0.84	0.14	False	-1.92	0.13	False	0.393	0.424	0.00384	0.00852	0.00415	0.00415	0.0	0.0	0.99585	0.00415
RVBD2794c	RVBD3795	pptT	embB	-0.77	0.1	False	-0.25	0.12	False	0.282	0.1	0.00349	0.00305	0.00403	0.00402	0.0	1e-05	0.99597	0.00402
RVBD2200c	RVBD2754c	ctaC	thyX	-0.79	0.13	False	-0.34	0.11	False	0.35	0.157	0.00359	0.00308	0.00377	0.00377	0.0	0.0	0.99623	0.00377
RVBD0392c	RVBD3261	ndhA	fbiA	-0.8	0.06	False	-1.88	0.09	False	0.413	0.444	0.00363	0.00813	0.00375	0.00375	0.0	0.0	0.99625	0.00375
RVBD2754c	RVBD2754c	thyX	thyX	-0.72	0.07	False	-0.07	0.13	True	1.0	1.0	0.00327	0.00302	0.00338	0.00325	0.0	0.00013	0.99662	0.00325
RVBD2764c	RVBD3682	thyA	ponA2	-0.95	0.1	False	-1.0	0.08	False	0.243	0.241	0.00455	0.00391	0.00329	0.00329	0.0	0.0	0.99671	0.00329
RVBD0392c	RVBD1822	ndhA	pgsA2	-0.17	0.05	False	-1.26	0.17	False	0.078	0.13	0.00218	0.00462	0.00303	0.00303	0.0	0.0	0.99697	0.00303
RVBD3682	RVBD3795	ponA2	embB	-0.26	0.11	False	-1.34	0.1	False	0.119	0.234	0.00225	0.00492	0.00294	0.00294	0.0	0.0	0.99706	0.00294
RVBD1025	RVBD1822	rv1025	pgsA2	-0.2	0.06	False	-1.24	0.16	False	0.407	0.481	0.0022	0.00456	0.00277	0.00277	0.0	0.0	0.99723	0.00277
RVBD1854c	RVBD2447c	ndh	folC	-0.67	0.15	False	-0.21	0.17	True	0.417	0.326	0.00309	0.00304	0.00272	0.00268	0.0	3e-05	0.99728	0.00268
RVBD2447c	RVBD2764c	folC	thyA	-0.14	0.11	True	0.95	0.09	False	0.4	0.233	0.00217	0.00414	0.00272	0.0	0.0024	0.00032	0.99728	0.0024
RVBD3261	RVBD3261	fbiA	fbiA	-0.57	0.1	False	-1.51	0.15	False	1.0	1.0	0.00278	0.00562	0.00254	0.00254	0.0	0.0	0.99746	0.00254
RVBD1854c	RVBD3795	ndh	embB	-0.25	0.18	True	0.79	0.15	False	0.365	0.138	0.00223	0.00378	0.00231	0.0	0.00199	0.00032	0.99769	0.00199
RVBD1025	RVBD2794c	rv1025	pptT	-0.12	0.06	False	-1.03	0.09	False	0.342	0.186	0.00217	0.00399	0.00224	0.00223	0.0	1e-05	0.99776	0.00223
RVBD2447c	RVBD2754c	folC	thyX	-0.67	0.08	False	-0.52	0.11	False	0.498	0.406	0.00309	0.0032	0.0022	0.0022	0.0	0.0	0.9978	0.0022
RVBD1025	RVBD2193	rv1025	ctaE	0.43	0.07	False	-0.11	0.1	True	0.312	0.101	0.00267	0.00302	0.00204	0.0	0.00185	0.0002	0.99796	0.00185
RVBD1854c	RVBD2754c	ndh	thyX	-0.04	0.09	True	-1.05	0.23	False	0.329	0.104	0.00216	0.00404	0.002	0.00191	0.0	9e-05	0.998	0.00191
RVBD1854c	RVBD2764c	ndh	thyA	-0.65	0.18	False	-0.92	0.16	False	0.348	0.235	0.00302	0.00376	0.00191	0.00191	0.0	0.0	0.99809	0.00191
RVBD1304	RVBD2200c	atpB	ctaC	-0.65	0.06	False	-0.7	0.11	False	0.428	0.448	0.00301	0.00339	0.00187	0.00187	0.0	0.0	0.99813	0.00187
RVBD2200c	RVBD3261	ctaC	fbiA	-0.56	0.28	False	-0.77	0.1	False	0.27	0.204	0.00275	0.00349	0.00181	0.00181	0.0	0.0	0.99819	0.00181
RVBD0392c	RVBD2447c	ndhA	folC	-0.53	0.07	False	-0.35	0.07	False	0.388	0.321	0.00268	0.00309	0.00179	0.00179	0.0	0.0	0.99821	0.00179
RVBD2754c	RVBD2794c	thyX	pptT	-0.51	0.06	False	-1.15	0.08	False	0.549	0.448	0.00262	0.00429	0.00175	0.00175	0.0	0.0	0.99825	0.00175
RVBD1822	RVBD2764c	pgsA2	thyA	-0.17	0.14	True	-0.95	0.15	False	0.2	0.264	0.00218	0.00382	0.00174	0.00172	0.0	2e-05	0.99826	0.00172
RVBD1304	RVBD3682	atpB	ponA2	-0.06	0.04	True	0.95	0.07	False	0.002	-0.049	0.00216	0.00415	0.00165	0.0	0.00137	0.00028	0.99835	0.00137
RVBD1025	RVBD2200c	rv1025	ctaC	-0.05	0.07	True	0.18	0.13	True	0.214	0.093	0.00216	0.00308	0.00164	8e-05	0.00148	8e-05	0.99836	0.00156
RVBD2447c	RVBD3261	folC	fbiA	-0.49	0.1	False	-0.39	0.13	False	0.235	0.26	0.00259	0.00311	0.00163	0.00163	0.0	0.0	0.99837	0.00163
RVBD2193	RVBD2754c	ctaE	thyX	-0.6	0.07	False	0.02	0.09	True	0.351	0.112	0.00286	0.00303	0.00161	0.00143	0.0	0.00018	0.99839	0.00143
RVBD1025	RVBD3795	rv1025	embB	-0.44	0.13	False	1.05	0.12	False	0.213	0.025	0.00247	0.00444	0.0016	0.0	6e-05	0.00154	0.9984	6e-05
RVBD0392c	RVBD1025	ndhA	rv1025	-0.47	0.05	False	-0.59	0.1	False	0.152	0.056	0.00255	0.00328	0.00144	0.00144	0.0	0.0	0.99856	0.00144
RVBD0392c	RVBD2794c	ndhA	pptT	-0.35	0.05	False	-0.85	0.08	False	0.432	0.408	0.00235	0.00362	0.00142	0.00142	0.0	0.0	0.99858	0.00142
RVBD0050	RVBD2200c	ponA1	ctaC	-0.4	0.06	False	-0.83	0.11	False	0.225	0.111	0.00241	0.0036	0.00142	0.00142	0.0	0.0	0.99858	0.00142
RVBD1025	RVBD2447c	rv1025	folC	-0.44	0.1	False	-0.59	0.1	False	0.271	0.208	0.00248	0.00327	0.0014	0.0014	0.0	0.0	0.9986	0.0014
RVBD1304	RVBD2193	atpB	ctaE	-0.36	0.05	False	-0.22	0.11	True	0.48	0.518	0.00235	0.00304	0.00137	0.00136	0.0	0.0	0.99863	0.00136
RVBD2193	RVBD3261	ctaE	fbiA	-0.33	0.07	False	-0.76	0.09	False	0.219	0.153	0.00232	0.00348	0.00137	0.00137	0.0	0.0	0.99863	0.00137
RVBD2447c	RVBD2794c	folC	pptT	-0.39	0.07	False	-0.47	0.1	False	0.369	0.304	0.0024	0.00317	0.00134	0.00134	0.0	0.0	0.99866	0.00134
RVBD1822	RVBD3795	pgsA2	embB	-0.49	0.18	False	0.92	0.2	False	0.304	0.274	0.00257	0.00407	0.00134	0.0	0.00022	0.00112	0.99866	0.00022
RVBD0050	RVBD0392c	ponA1	ndhA	-0.34	0.04	False	-0.25	0.07	False	0.151	0.036	0.00233	0.00305	0.00133	0.00133	0.0	0.0	0.99867	0.00133
RVBD1304	RVBD2754c	atpB	thyX	-0.31	0.06	False	-0.14	0.08	True	0.4	0.241	0.00229	0.00302	0.0013	0.0013	0.0	1e-05	0.9987	0.0013
RVBD1304	RVBD3261	atpB	fbiA	-0.26	0.05	False	-0.35	0.09	False	0.247	0.239	0.00224	0.00309	0.00121	0.00121	0.0	0.0	0.99879	0.00121
RVBD1025	RVBD2754c	rv1025	thyX	-0.16	0.06	False	-0.14	0.1	True	0.347	0.22	0.00218	0.00302	0.0011	0.00109	0.0	1e-05	0.9989	0.00109
RVBD3261	RVBD3795	fbiA	embB	-0.15	0.15	True	-0.18	0.12	True	0.104	0.005	0.00217	0.00303	0.00107	0.00097	8e-05	2e-05	0.99893	0.00105
RVBD0050	RVBD2794c	ponA1	pptT	-0.06	0.05	True	-0.17	0.09	True	0.229	0.078	0.00216	0.00303	0.00102	0.00098	3e-05	2e-05	0.99898	0.00101
RVBD1822	RVBD2794c	pgsA2	pptT	-0.07	0.09	True	-0.29	0.18	True	0.302	0.158	0.00216	0.00306	0.00102	0.00092	7e-05	3e-05	0.99898	0.00099
RVBD1304	RVBD1822	atpB	pgsA2	-0.04	0.06	True	-0.18	0.15	True	0.29	0.343	0.00216	0.00303	0.00102	0.00074	0.00025	4e-05	0.99898	0.00099
RVBD1025	RVBD3261	rv1025	fbiA	-0.06	0.06	True	-0.14	0.11	True	0.083	0.054	0.00216	0.00302	0.001	0.00088	0.0001	2e-05	0.999	0.00098
RVBD1854c	RVBD2794c	ndh	pptT	-0.29	0.09	False	-0.06	0.14	True	0.294	0.068	0.00228	0.00302	0.001	0.00096	0.0	4e-05	0.999	0.00096
RVBD0050	RVBD1304	ponA1	atpB	0.01	0.04	True	-0.45	0.07	False	0.207	0.046	0.00216	0.00315	0.00067	0.00059	0.0	8e-05	0.99933	0.00059
RVBD2193	RVBD3682	ctaE	ponA2	-0.16	0.05	False	1.02	0.07	False	-0.04	-0.048	0.00218	0.00433	0.00051	0.0	3e-05	0.00047	0.99949	3e-05
RVBD0050	RVBD2193	ponA1	ctaE	0.18	0.05	False	-0.17	0.1	True	0.291	0.079	0.00227	0.00303	0.00051	0.0	0.00038	0.00013	0.99949	0.00038
RVBD2764c	RVBD2794c	thyA	pptT	-0.45	0.08	False	0.09	0.08	True	0.303	0.157	0.00251	0.00305	0.00047	0.00028	0.0	0.00019	0.99953	0.00028
RVBD1304	RVBD1854c	atpB	ndh	-0.39	0.07	False	0.2	0.17	True	0.335	0.313	0.0024	0.00309	0.00047	0.00028	0.0	0.00018	0.99953	0.00028
RVBD2754c	RVBD3795	thyX	embB	-0.3	0.08	False	0.1	0.11	True	0.407	0.171	0.00229	0.00305	0.00041	0.00028	0.0	0.00012	0.99959	0.00028
RVBD1822	RVBD3682	pgsA2	ponA2	-0.12	0.06	False	0.1	0.11	True	0.044	0.105	0.00217	0.00305	0.0004	0.00023	8e-05	9e-05	0.9996	0.00031
RVBD2447c	RVBD3682	folC	ponA2	-0.34	0.07	False	0.07	0.07	True	0.078	-0.004	0.00232	0.00304	0.0004	0.00027	0.0	0.00013	0.9996	0.00027
RVBD1854c	RVBD3682	ndh	ponA2	-0.35	0.12	False	0.19	0.15	True	0.009	-0.027	0.00234	0.00309	0.00038	0.00019	2e-05	0.00017	0.99962	0.00021
RVBD2754c	RVBD3682	thyX	ponA2	-0.41	0.05	False	0.48	0.09	False	0.196	0.076	0.00243	0.00332	0.00036	0.0	0.0	0.00036	0.99964	0.0
RVBD1025	RVBD3682	rv1025	ponA2	-0.55	0.06	False	0.2	0.07	False	-0.071	0.001	0.00271	0.00309	0.00036	1e-05	0.0	0.00036	0.99964	1e-05
RVBD2200c	RVBD3682	ctaC	ponA2	-0.41	0.06	False	0.36	0.09	False	0.205	0.173	0.00243	0.0032	0.00029	0.0	0.0	0.00029	0.99971	0.0
RVBD2193	RVBD2447c	ctaE	folC	-0.19	0.08	False	0.56	0.11	False	0.37	0.293	0.00219	0.00341	0.00029	0.0	9e-05	0.00021	0.99971	9e-05
RVBD0392c	RVBD3682	ndhA	ponA2	-0.16	0.04	False	0.78	0.06	False	0.146	-0.05	0.00218	0.00377	0.00029	0.0	0.0	0.00028	0.99971	0.0
RVBD2794c	RVBD3261	pptT	fbiA	-0.13	0.05	False	0.09	0.07	True	0.164	0.142	0.00217	0.00304	0.00027	0.00014	3e-05	0.0001	0.99973	0.00017
RVBD1025	RVBD1304	rv1025	atpB	0.06	0.05	True	-0.23	0.09	False	0.24	0.191	0.00218	0.00304	0.00026	0.00012	3e-05	0.00011	0.99974	0.00015
RVBD0050	RVBD1822	ponA1	pgsA2	0.15	0.06	False	-0.31	0.13	False	0.207	0.176	0.00223	0.00307	0.00022	1e-05	7e-05	0.00015	0.99978	8e-05
RVBD2794c	RVBD3682	pptT	ponA2	-0.33	0.04	False	0.3	0.07	False	0.103	0.015	0.00232	0.00315	0.00021	0.0	0.0	0.00021	0.99979	0.0
RVBD1025	RVBD2764c	rv1025	thyA	-0.26	0.09	False	0.19	0.09	False	0.274	0.178	0.00225	0.00308	0.0002	2e-05	3e-05	0.00015	0.9998	5e-05
RVBD3261	RVBD3682	fbiA	ponA2	-0.15	0.04	False	0.21	0.09	False	0.22	0.177	0.00218	0.00309	0.00014	1e-05	0.0	0.00012	0.99986	2e-05
