guide_name	orf_id	name	gene_type	strength	pred_log2fc	guide_seq	barcode
RVBD0050-1	RVBD0050	ponA1	non-essentials	0.7722989445369596	-3.343943543151341	GCGATTTCCGAGCCGTCGCTGG	AGCGTGTATTCATCGACC
RVBD0050-2	RVBD0050	ponA1	non-essentials	0.6817837390973891	-2.807186598099376	GAGCTTGAGCATCAGCCGGTA	TGCTTACGTTCTCCTGGT
RVBD0392c-1	RVBD0392c	ndhA	non-essentials	0.7170640834442223	-2.715061754315838	ATCTGGCCGCGGGCGCGGCCCAT	CACTTGCGAACTCATATA
RVBD0392c-2	RVBD0392c	ndhA	non-essentials	0.7637004391132696	-4.370577516750385	AACACCGCGGGTGCGGCGTCGA	AGAATGTACTCCGCTTAG
RVBD1025-1	RVBD1025	rv1025	essentials	0.2688361652870697	-4.13589121100454	GGCAACGATAGGCGATCG	CCACGCCTAGACGAGATT
RVBD1025-2	RVBD1025	rv1025	essentials	0.2775701567844019	-3.4934443144896097	GCGAATGCGCGATCAGCACATG	CGCTCCAATATCAACCGG
RVBD1304-1	RVBD1304	atpB	essentials	0.2902338702326914	-3.817781383309529	AACACGAAAAGCGCCAGCG	AGCCTAATGTACTTCTGT
RVBD1304-2	RVBD1304	atpB	essentials	0.290525201799144	-2.959014745413852	GCTGAAGTACAAAATTG	ATGCCAGATTGTATGTTG
RVBD1822-1	RVBD1822	pgsA2	essentials	0.4723249991110929	-3.705720055680705	GAGCACGACGTAGACGAATG	TCGTTCTAATGGATGAGG
RVBD1822-2	RVBD1822	pgsA2	essentials	0.4302537332704382	-3.093865237154761	GCCGATGAGCCCTGCCCTTGAGCT	CTCGCAAGCCTGGTACAC
RVBD1854c-1	RVBD1854c	ndh	essentials	0.4490190491546985	-3.4194775236862527	ACCCGATCAGGTACGCCAGGT	CACTGTTACCAATGACTA
RVBD1854c-2	RVBD1854c	ndh	essentials	0.927558260617098	-4.345221812375527	GCACCGCCGGGGCGGCGTCAA	TCCGAAGATCCAGGTATA
RVBD2193-1	RVBD2193	ctaE	essentials	0.1511693827501104	-3.760926661042104	AATCAGGACCAGCGTGA	GGTACGTCAGTCATCGAA
RVBD2193-2	RVBD2193	ctaE	essentials	0.3068126062116214	-3.2659132669971336	GCTGCCGTATGCGCTGC	GAATCCGCTTGAACGCCG
RVBD2200c-1	RVBD2200c	ctaC	essentials	0.2336552110098683	-3.8572887390003534	AGTTGTTTGCCACCGGGT	GCATCCAACGTGAGGTAA
RVBD2200c-2	RVBD2200c	ctaC	essentials	0.179528000491424	-3.4010771765326875	GTGAGAACCAGCTCTA	AATAGGTGAGCAGCGTTG
RVBD2447c-1	RVBD2447c	folC	essentials	0.5955302705871037	-2.743246194346633	AACACCGGCTCCAGTGCGG	CCGGATTCTCAGGATGTT
RVBD2447c-2	RVBD2447c	folC	essentials	0.4859425546224811	-3.863985491097964	GTCGGCGCGCACCGATTCGGCCA	TTGGTATGGTCACGTAAG
RVBD2754c-1	RVBD2754c	thyX	essentials	0.3188353107660504	-2.677784853147901	ACGATGCGGGTTTCGGTGGCGT	TGACATAGTAGTAGAACC
RVBD2754c-2	RVBD2754c	thyX	essentials	0.3699796811234576	-2.595955040360857	GCGGGTTTCGGTGGCGTTGG	AGCGGTACTTGAACATGC
RVBD2764c-1	RVBD2764c	thyA	essentials	0.6200646002339505	-4.366816447219978	GCCGGCCATCGGCGAC	AGAAGAGCCAGCCACGGA
RVBD2764c-2	RVBD2764c	thyA	essentials	0.5680953585835459	-3.5557999859670284	GTACCCGTTTCGAGCACGAAGC	GTCAAGCTCCTCATCTAG
RVBD2794c-1	RVBD2794c	pptT	essentials	0.4567608776379079	-3.430920971108788	GATTCCGGGGCCGGTTGCGCTC	TTCCAACCGCTCTTATAT
RVBD2794c-2	RVBD2794c	pptT	essentials	0.5130500108202971	-3.180215903560451	GGGTGGACCCGTCGA	TGCTCTGCTTCGACTACC
RVBD3261-1	RVBD3261	fbiA	non-essentials	0.8543746946200236	-1.1465185050494369	GGGCGCCGCCGACTCCACCGG	CATATTCGCGGATCTGGT
RVBD3261-2	RVBD3261	fbiA	non-essentials	0.8835818733716786	-1.2272552000682844	GAGCAGCTGCTGGACCCCGAG	GACTCCAGATCCATTCAC
RVBD3682-1	RVBD3682	ponA2	non-essentials	0.9518771988320132	-1.156795748771225	ACAGGTACTCCTGGACGTAGTC	ACTATCGCATTACGTGGT
RVBD3682-2	RVBD3682	ponA2	non-essentials	0.9605766564707876	-1.9232199648953547	ACCCGGCGCCGTCGCCAACCAG	TACCACGCTCTTCGGACG
RVBD3795-1	RVBD3795	embB	essentials	0.4727156566454056	-4.839446085821162	GCTGACATGGGTCATCAGCG	CGCTCACAAGTAGGTCGG
RVBD3795-2	RVBD3795	embB	essentials	0.4301784287843965	-3.838597089811716	ACATGATGAACACCGCGGTGAA	ACTCGTTCCAATAATGTC
Negative-1	Negative	Negative				GGTGGCCTGTCTGCACGGTGGGG	CCTTAATCCTCCGCGTGC
Negative-2	Negative	Negative				TAAGGTCACAGGGAGACCTACAGT	AGGATTAGCATTAGTACC
Negative-3	Negative	Negative				CGCTAGCTGGGATGAGAGGAG	CCTCAACGTAGAATGTCC
Negative-4	Negative	Negative				CCACGATTCTACCCACCAACAG	ACCGATTAGCGATGATGA
Negative-5	Negative	Negative				AGTCCGTTGCTTATCTACCCG	TAGACGAAGTAGCGATTG
Negative-6	Negative	Negative				GCCAGCACTCGTGCGAGCGGCG	TAACTGTACGTGTGTGAA
Negative-7	Negative	Negative				TCTGGCCTTGTACCGTGGGCGCGC	TGTGCTAAGTTCGATACG
Negative-8	Negative	Negative				CTGGCCCCTGTACGGACAGTATCT	AGCATCTTAACTTCTCAG
Negative-9	Negative	Negative				ATTAGAGGCGCCGGAAGGAC	TCCGTTATGACAAGTATC
Negative-10	Negative	Negative				TCCGTTGGGGCCGAGCTTATGCCC	TAGGAGACCGAGTGCCAA
